Rank	PLAYER	TEAM	POS	AGE	GP	MPG	MIN%	USG%	TOr	FTA	FT%	2PA	2P%	3PA	3P%	TS%	PPG	RPG	TRB%	APG	AST%	SPG	BPG	VI
1	Al Horford	Atl	C	29	10	32.7	68.2	19.2	0.121	16	0.938	87	0.494	29	0.379	0.545	13.4	6.5	10.7	3	15.5	1.2	2.4	7.8
2	Al Jefferson	Cha	C	31	7	24.1	50.1	26.8	0.063	13	0.692	83	0.506	0	0	0.524	13.3	6.1	14.6	1.1	11.5	0.57	0.43	7.4
3	Al-Farouq Aminu	Por	SF	25	11	33.8	70.4	18.6	0.13	29	0.724	58	0.483	70	0.4	0.572	14.6	8.6	13.1	1.8	8.8	0.73	0.91	7.2
4	Allen Crabbe	Por	SG	23	11	27.5	57.2	12.4	0.069	19	0.737	38	0.605	35	0.429	0.645	9.5	2.9	5.4	1.4	7.8	0.64	0.09	4.9
5	Amar’e Stoudemire	Mia	C	33	9	9.1	19.1	18.2	0.286	8	1	19	0.579	0	0	0.666	3.3	1.4	9.3	0	0	0.56	0.33	0
6	Amir Johnson	Bos	PF	28	6	22.3	46.4	15.1	0.213	9	0.778	31	0.71	2	0	0.69	8.5	7.2	16.8	0.7	5.6	0.17	1.33	6.3
7	Anderson Varejao	Gol	C	33	17	5.5	11.4	11.5	0.082	19	0.526	14	0.357	0	0	0.447	1.2	1.2	12.2	0.8	18.6	0.12	0.12	7.6
8	Andre Drummond	Det	C	22	4	32.9	68.4	27.9	0.055	34	0.324	53	0.528	1	0	0.486	16.8	9	16.7	0	0	0.25	1.5	0
9	Andre Iguodala	Gol	SF	32	24	32	66.6	12.1	0.108	57	0.561	99	0.535	65	0.385	0.563	8.9	4.4	7.4	3.8	16.6	1.21	0.42	6.6
10	Andre Miller	San	PG	39	4	8.8	18.4	10.4	0	2	1	4	0.5	3	0.333	0.571	2.3	1.3	8.2	1.8	27.5	0	0	8
11	Andre Roberson	Okc	SG	24	18	26.2	54.6	9.7	0.104	20	0.4	49	0.571	37	0.324	0.527	5.6	5.6	12	0.8	4.2	1.28	1.06	4.5
12	Andrew Bogut	Gol	C	31	22	16.6	34.6	12.3	0.186	14	0.357	75	0.64	2	0	0.607	4.6	5.6	18.4	1.4	12.1	0.64	1.59	8
13	Andrew Goudelock	Hou	PG	27	2	5.7	11.9	32.5	0.333	0	0	5	0.6	1	0	0.5	3	1	9.3	0	0	0	0	0
14	Anthony Morrow	Okc	SG	30	14	5.4	11.4	18.4	0.123	10	1	10	0.6	14	0.357	0.651	2.6	0.1	1.5	0.1	2	0.07	0	2.2
15	Anthony Tolliver	Det	PF	30	3	8.7	18.2	7.7	0	0	0	2	1	2	0	0.5	1.3	1.3	9.3	0.3	5.7	0	0.33	3.7
16	Aron Baynes	Det	C	29	4	11	22.9	15.2	0.225	3	0.667	9	0.444	0	0	0.484	2.5	2	11.1	0.5	6.9	0	0	4.9
17	Austin Rivers	Lac	SG	23	6	24	49.9	22.3	0.097	9	0.667	44	0.5	17	0.235	0.477	10.3	2.7	5.5	2.7	18.8	0.5	0	7
18	Avery Bradley	Bos	SG	25	1	33.2	69.1	23.8	0.055	3	1	9	0.667	7	0.143	0.52	18	3	4.7	1	6.1	1	1	4.6
19	Bismack Biyombo	Tor	C	23	20	25.3	52.7	11.2	0.173	72	0.597	69	0.58	0	0	0.611	6.2	9.4	22.2	0.4	2.5	0.4	1.35	4.5
20	Blake Griffin	Lac	PF	26	4	31.7	66.1	25.7	0.123	25	0.76	51	0.373	2	0.5	0.469	15	8.8	13.6	4	20.4	0.75	0.5	10.2
21	Boban Marjanovic	San	C	27	7	6	12.5	21.1	0.158	9	0.889	12	0.667	0	0	0.752	3.4	2	19.3	0.4	11.6	0	0.29	9.3
22	Boris Diaw	San	PF	33	9	17.6	36.7	15.8	0.112	4	0.75	40	0.475	6	0.333	0.492	5.2	2.1	6.9	2.3	19.7	0.22	0.44	6.7
23	Brandon Rush	Gol	SG	30	14	7.9	16.4	9.1	0.087	2	0.5	8	0.625	12	0.333	0.551	1.6	1.6	11.3	0.2	3.8	0.14	0.14	4.1
24	Cameron Payne	Okc	PG	21	10	6.4	13.4	24.2	0.224	4	0.5	16	0.313	10	0.2	0.324	1.8	0.4	3.5	0.8	18.1	0.2	0.2	5.2
25	Channing Frye	Cle	PF	32	17	14	29.1	15	0.065	7	0.857	23	0.652	46	0.565	0.791	6.7	2.4	10.2	0.3	3.4	0.35	0.53	4.8
26	Charlie Villanueva	Dal	PF	31	4	5.1	10.6	31.6	0.072	2	1	7	0.286	5	0.2	0.349	2.3	0.5	5.7	0.3	8.3	0	0	5.5
27	Chris Andersen	Mem	C	37	4	19.7	41	12	0.244	8	0.625	12	0.417	0	0	0.483	3.8	7.8	22.8	0.8	6.3	0.5	0.75	5.8
28	Chris Kaman	Por	C	33	4	8.1	16.9	31.7	0.25	0	0	18	0.389	0	0	0.389	3.5	2	12.7	0.3	5.6	0.5	0	6.3
29	Chris Paul	Lac	PG	30	4	31.3	65.3	30.8	0.046	15	1	56	0.554	20	0.3	0.575	23.8	4	6.3	7.3	48.3	2.25	0	11.3
30	CJ McCollum	Por	SG	24	11	40.2	83.8	22.9	0.084	46	0.804	139	0.46	58	0.345	0.518	20.5	3.6	4.6	3.3	14.1	0.91	0.45	6.2
31	CJ Miles	Ind	SF	28	7	13.1	27.4	22.1	0.071	3	0.667	18	0.444	20	0.1	0.305	3.4	3.4	15	0.6	7.5	0.14	0.14	5.8
32	Clint Capela	Hou	C	21	5	8.7	18	13.5	0.211	5	0.4	9	0.333	0	0	0.357	1.6	4	24.4	0.4	7.5	0.6	0.4	6.3
33	Cody Zeller	Cha	C	23	7	19.6	40.9	18.8	0.129	21	0.81	38	0.553	0	0	0.624	8.4	5.3	15.4	0.3	2.9	0.14	0.43	4.8
34	Cole Aldrich	Lac	C	27	6	12.8	26.7	11.4	0.102	6	0.5	15	0.667	0	0	0.652	3.8	5	19.3	0.5	6.1	1	0.5	6.6
35	Corey Brewer	Hou	SF	29	5	15.4	32.2	19.5	0.164	8	0.875	17	0.353	10	0.1	0.36	4.4	1.4	4.8	1.6	17.4	0	0.2	5.6
36	Cory Joseph	Tor	SG	24	20	22.6	47.1	18.9	0.12	32	0.75	124	0.492	24	0.333	0.524	8.5	2.1	5.4	2.4	18.9	0.9	0.1	6.2
37	Courtney Lee	Cha	SG	30	7	36.7	76.4	11.6	0.08	15	0.933	41	0.415	10	0.4	0.521	8.6	2.9	4.5	1.3	6	0.86	0.43	3.5
38	Damian Lillard	Por	PG	25	11	39.8	82.8	30.2	0.107	78	0.91	135	0.348	107	0.393	0.527	26.5	4.3	5.5	6.3	28.1	1.27	0.27	9
39	Danny Green	San	SG	28	10	26.7	55.7	12.6	0.083	3	0.667	17	0.353	48	0.5	0.648	8.6	3.1	6.7	0.7	3.8	2.1	0.8	4
40	David Lee	Dal	PF	32	2	16.3	33.9	11.4	0	0	0	8	0.75	0	0	0.75	6	3	10.7	0.5	5.6	0	0	5.1
41	David West	San	PF	35	10	17.6	36.6	17.5	0.106	9	0.556	49	0.449	6	0.5	0.492	5.8	3.7	12.2	1.3	11.1	0.6	0.7	6.9
42	DeAndre Jordan	Lac	C	27	6	33.1	68.9	16	0.099	59	0.373	38	0.632	0	0	0.547	11.7	16.3	24.5	1.8	8.5	1.17	2.67	8.5
43	DeMar DeRozan	Tor	SG	26	20	37.3	77.7	30.9	0.091	123	0.813	371	0.412	27	0.148	0.462	20.9	4.2	6.7	2.7	14.4	1.1	0.15	6.6
44	DeMarre Carroll	Tor	SF	29	20	29.8	62.1	15	0.093	36	0.75	80	0.45	79	0.329	0.506	8.9	4.1	8.2	0.9	5	0.9	0.35	4.3
45	Dennis Schroder	Atl	PG	22	10	19.1	39.8	30.6	0.161	13	0.846	69	0.507	35	0.343	0.533	11.7	1.9	5.3	3.5	36	0.4	0.1	8.9
46	Deron Williams	Dal	PG	31	3	16.4	34.2	23.5	0.28	0	0	11	0.273	7	0.429	0.417	5	0.7	2.4	2.7	26.3	0.33	0	5.2
47	Devin Harris	Dal	PG	32	5	24.1	50.2	14.4	0.08	10	0.5	17	0.647	13	0.308	0.567	7.8	2.8	6.8	1.6	10.8	0.6	0	5.4
48	Dion Waiters	Okc	SG	24	18	27.3	56.8	14.6	0.121	30	0.667	76	0.447	56	0.375	0.52	8.4	2.6	5.3	2.3	12.5	0.56	0.17	5.4
49	Dirk Nowitzki	Dal	PF	37	5	34	70.9	26.5	0.072	17	0.941	72	0.514	11	0.364	0.564	20.4	5	8.6	1.6	9.5	0.4	0.6	6.4
50	Donatas Motiejunas	Hou	PF	25	5	19.7	41	23.6	0.212	17	0.471	28	0.429	9	0.444	0.495	8.8	5.2	14	1	9.7	0.8	0.4	7.3
51	Draymond Green	Gol	PF	25	23	38.2	79.7	19	0.147	107	0.738	173	0.474	104	0.365	0.551	15.5	9.9	14	6	23.4	1.61	1.78	10.2
52	Dwight Howard	Hou	C	30	5	36	75	17.5	0.156	38	0.368	47	0.553	1	0	0.51	13.2	14	20.5	1.6	8.2	0.8	1.4	7.4
53	Dwight Powell	Dal	PF	24	4	16	33.3	18	0.04	11	0.545	18	0.5	1	0	0.503	6	4.3	15.5	1	10.5	0.25	0	7.4
54	Dwyane Wade	Mia	SG	34	14	33.8	70.3	32.3	0.119	64	0.781	231	0.463	23	0.522	0.532	21.4	5.6	9.9	4.3	25.4	0.79	0.93	9.5
55	Ed Davis	Por	PF	26	11	18.6	38.8	13.5	0.155	33	0.576	38	0.553	2	0	0.559	5.5	6.8	18.8	1.3	10.3	0.18	0.64	7.8
56	Enes Kanter	Okc	C	23	18	18	37.4	20.8	0.11	45	0.844	104	0.606	14	0.143	0.617	9.4	6.2	19.2	0.3	2.6	0.28	0.61	5.8
57	Evan Turner	Bos	SG	27	6	35.7	74.4	22.1	0.155	18	0.778	71	0.394	14	0.214	0.425	13.2	5.7	8.3	4.5	22.6	1.33	1	7.8
58	Festus Ezeli	Gol	C	26	23	8.8	18.4	22.1	0.137	44	0.432	69	0.536	0	0	0.526	4	2.7	16.3	0.3	6.3	0.04	0.3	6.7
59	Frank Kaminsky	Cha	C	22	7	27.2	56.7	14.3	0.035	21	0.81	29	0.31	17	0.294	0.453	7.1	4.3	9	1.1	7.1	0.71	0.71	4.7
60	George Hill	Ind	PG	29	7	33.6	70	15.3	0.107	22	0.818	30	0.633	27	0.481	0.712	13.6	2.7	4.6	2.1	11.6	0.86	0.14	5.1
61	Gerald Green	Mia	SG	30	12	9.2	19.1	23.1	0.038	5	0.8	35	0.343	14	0.286	0.391	3.3	1.4	9.1	0.1	1.5	0.33	0.08	3.4
62	Gerald Henderson	Por	SG	28	11	21.2	44.3	16.9	0.054	12	0.75	63	0.365	19	0.368	0.435	6.9	3.2	7.7	1.5	11.4	0.55	0.27	6.1
63	Goran Dragic	Mia	PG	29	14	33.7	70.2	25.8	0.121	43	0.767	160	0.469	46	0.348	0.514	16.5	4.9	8.6	3.9	20.5	0.43	0.21	8.1
64	Harrison Barnes	Gol	SF	23	24	31	64.5	14.5	0.073	34	0.765	137	0.409	76	0.342	0.474	9	4.7	8.2	1.3	5.8	0.71	0.17	4.9
65	Hassan Whiteside	Mia	C	26	10	29.1	60.7	16.6	0.128	44	0.591	69	0.681	0	0	0.679	12	11	22.3	0.3	1.7	0.8	2.8	4.7
66	Ian Clark	Gol	SG	24	16	9.6	20	19	0.136	10	0.8	35	0.571	18	0.333	0.575	4.1	1.1	6	1	16.3	0.5	0	6.9
67	Ian Mahinmi	Ind	C	29	7	24.6	51.2	18.7	0.209	25	0.6	42	0.5	0	0	0.538	8.1	5.1	12	1.1	8.2	0.71	0.86	5.8
68	Iman Shumpert	Cle	SG	25	21	17.5	36.4	9.8	0.167	11	0.636	26	0.462	34	0.382	0.54	3.3	2.2	7.6	0.8	6.3	0.48	0.14	4.1
69	Isaiah Thomas	Bos	PG	26	6	36.6	76.2	30.1	0.091	47	0.809	73	0.466	46	0.283	0.519	24.2	3	4.3	5	27.9	0.67	0.83	7.8
70	J.R. Smith	Cle	SG	30	21	34.8	72.4	13.2	0.053	21	0.619	37	0.459	151	0.43	0.613	11.5	3.2	5.4	1.4	5.8	1.24	0.24	4.3
71	Jae Crowder	Bos	SF	25	6	32.9	68.5	18.3	0.083	11	0.636	31	0.323	41	0.244	0.371	9.5	6.5	10.3	2.2	10.9	1.5	0.5	6.3
72	Jamal Crawford	Lac	SG	35	6	33.2	69.2	27.5	0.073	25	0.88	82	0.427	21	0.19	0.456	17.3	2.2	3.2	2.2	11.3	1.67	0	5.3
73	James Harden	Hou	SG	26	5	38.6	80.5	31.1	0.178	45	0.844	58	0.483	42	0.31	0.555	26.6	5.2	7.1	7.6	41.4	2.4	0.2	10.5
74	James Johnson	Tor	PF	28	10	9.8	20.3	15.4	0.217	3	0.667	16	0.5	8	0.5	0.592	3	1.5	9.2	0.6	10.6	0.3	0	5.7
75	JaMychal Green	Mem	PF	25	4	18.1	37.6	18.2	0.14	6	0.5	21	0.571	1	0	0.548	6.8	3.8	12	0.8	8.3	0.75	1.25	6.1
76	Jared Sullinger	Bos	PF	23	6	13.6	28.3	26.3	0.121	4	0.75	38	0.289	4	0.5	0.354	5.2	4.5	17.3	1.2	15.8	0.17	0	8.9
77	Jarell Martin	Mem	PF	21	2	23.1	48.2	13.6	0.22	6	0.5	8	0.375	0	0	0.423	4.5	3.5	8.8	0.5	3.6	1.5	0	3.4
78	Jason Terry	Hou	SG	38	5	24.8	51.7	14	0.071	3	1	19	0.368	19	0.316	0.445	7	2.2	4.7	1.2	8.3	0.4	0.2	4.3
79	Jason Thompson	Tor	C	29	10	5.5	11.5	9.5	0.088	3	0	8	0.5	1	0	0.388	0.8	1.1	11.9	0.1	2.9	0	0.1	3.2
80	JaVale McGee	Dal	C	28	2	7.1	14.9	24.8	0.393	6	0.333	2	0.5	0	0	0.431	2	1.5	12.2	0	0	0.5	0	0
81	Jeff Green	Lac	SF	29	6	26.4	55.1	16.9	0.05	25	0.6	36	0.472	10	0.4	0.535	10.2	3.2	5.9	0.7	3.9	1	0.33	4.3
82	Jeff Teague	Atl	PG	27	10	27.9	58.1	27.3	0.147	52	0.846	85	0.435	37	0.243	0.5	14.5	1.9	3.7	6.2	37.7	0.6	0.2	8
83	Jeremy Lin	Cha	SG	27	7	27	56.2	23	0.121	39	0.821	49	0.469	14	0.214	0.543	12.4	2.3	4.8	2.6	18.1	0.71	0	6.2
84	JJ Redick	Lac	SG	31	6	27.7	57.8	22.9	0.059	3	0.667	48	0.479	31	0.355	0.504	13.5	2	3.6	0.8	5.3	0.17	0.17	4
85	Joe Johnson	Mia	SF	34	14	35.2	73.3	18	0.096	24	0.875	113	0.487	45	0.289	0.504	12.1	4.6	7.8	2.5	11.6	0.57	0.21	5.9
86	Jonas Jerebko	Bos	PF	28	6	27	56.3	14.1	0.094	5	0.8	24	0.625	22	0.318	0.571	9.2	6.8	13.2	1.7	10.9	0.33	0.67	7
87	Jonas Valanciunas	Tor	C	23	12	26.7	55.7	22.4	0.116	39	0.744	120	0.567	0	0	0.601	13.8	10.8	24.1	0.9	7	0.83	1.17	7.7
88	Jonathon Simmons	San	SG	26	3	8.5	17.8	21.6	0.084	2	0.5	7	0.286	3	0.667	0.506	3.7	1.3	9	0.7	12	0.67	0	7.1
89	Jordan Farmar	Mem	PG	29	4	28.3	59	17.2	0.236	3	1	19	0.316	12	0.333	0.418	6.8	1.5	3.1	4	24.4	0.75	0.25	4.9
90	Jordan Mickey	Bos	PF	21	2	5.1	10.5	17	0	0	0	4	0.5	0	0	0.5	2	1	10.3	1	39.1	0	0.5	9.9
91	Jose Juan Barea	Dal	PG	31	4	25.1	52.3	21.2	0.24	2	1	26	0.385	8	0.125	0.358	6.3	1.5	3.5	5	31.7	0	0	5.8
92	Josh Huestis	Okc	PF	24	2	5.1	10.6	12.7	0	0	0	1	0	2	0.5	0.5	1.5	1.5	16.4	0	0	0	0	0
93	Josh McRoberts	Mia	PF	28	10	13.4	27.8	14.5	0.098	6	1	27	0.593	7	0	0.519	3.8	2.6	11.5	0.9	10.7	0.5	0.5	6.2
94	Josh McRoberts	Mia	PF	28	10	13.4	27.8	14.5	0.098	6	1	27	0.593	7	0	0.519	3.8	2.6	11.5	0.9	10.7	0.5	0.5	6.2
95	Josh Richardson	Mia	SG	22	14	27.6	57.5	13.2	0.112	14	0.714	43	0.372	46	0.37	0.489	6.6	3.6	7.6	1.6	8.5	0.43	0.93	4.9
96	Josh Smith	Hou	PF	30	4	9.4	19.5	20.7	0.265	2	0	5	0.4	8	0.5	0.576	4	0.5	2.8	1	20.2	0.25	0.25	5.4
97	Justin Anderson	Dal	SF	22	5	19	39.6	23.5	0.104	14	0.643	25	0.52	12	0.333	0.544	9.4	4	12.3	1.4	13.2	0.8	0.6	7.9
98	Justise Winslow	Mia	SF	19	13	25.4	52.8	14.3	0.121	30	0.7	56	0.482	18	0.278	0.516	6.9	4.8	11.3	0.6	3.7	0.62	0.31	4.3
99	Kawhi Leonard	San	SF	24	10	33.9	70.5	28.1	0.078	51	0.824	127	0.52	39	0.436	0.597	22.5	6.3	10.8	2.8	14.7	2.6	1.4	8.7
100	Kelly Olynyk	Bos	C	24	4	7.9	16.4	17.7	0.308	0	0	6	0.167	3	0	0.111	0.5	1	6.6	0.8	14.2	0.25	0	3.7
101	Kemba Walker	Cha	PG	25	7	37.1	77.3	33.1	0.067	35	0.943	111	0.378	42	0.333	0.472	22.7	3.3	5.1	4	24	1.43	0.57	7.2
102	Kent Bazemore	Atl	SF	26	10	32.5	67.8	19.4	0.071	22	0.682	59	0.475	62	0.258	0.455	11.9	6.6	10.9	1.9	9.4	1.4	0.6	6.5
103	Kentavious Caldwell-Pope	Det	SG	22	4	40.3	83.9	17.2	0.036	7	0.714	23	0.435	27	0.444	0.575	15.3	4.3	6.4	2.8	11.1	1.75	0.25	5.6
104	Kevin Durant	Okc	SF	27	18	40.3	84	32.1	0.121	146	0.89	297	0.485	110	0.282	0.542	28.4	7.1	9.8	3.3	14.9	1	1	8.7
105	Kevin Love	Cle	PF	27	20	30.6	63.8	22.6	0.09	75	0.84	128	0.359	111	0.414	0.539	14.7	8.8	16.9	2.1	10.6	0.45	0.4	8.5
106	Kevin Martin	San	SG	32	5	9.9	20.5	25.8	0.22	3	0.667	12	0.333	8	0.5	0.516	4.4	0.8	4.7	0.6	9.5	0.2	0	5.2
107	KJ McDaniels	Hou	SF	22	4	8.4	17.6	15.8	0	0	0	10	0.3	3	0.333	0.346	2.3	1.8	10.9	0.3	5.2	0	0.75	5.1
108	Klay Thompson	Gol	SG	25	24	35.4	73.7	28	0.087	96	0.854	220	0.468	232	0.422	0.589	24.3	3.7	5.6	2.3	11.2	1.08	0.38	6.7
109	Kris Humphries	Atl	PF	30	4	14	29.2	26	0.061	6	1	18	0.444	10	0.5	0.604	9.3	6	23	1	13.6	0.5	1.25	10.9
110	Kyle Anderson	San	SF	22	10	12.9	26.8	11.6	0.125	7	0.857	22	0.318	3	0.333	0.41	2.3	2.4	10.8	0.7	7.3	0.6	0.3	4.9
111	Kyle Korver	Atl	SG	34	10	31.6	65.9	12.3	0.092	9	1	21	0.524	54	0.444	0.652	10.3	4.8	8.2	1.1	5.4	1	0.4	4.8
112	Kyle Lowry	Tor	PG	29	20	38.3	79.8	26.5	0.144	104	0.75	192	0.464	138	0.304	0.508	19.1	4.7	7.4	6	29.2	1.6	0.15	8.5
113	Kyle Singler	Okc	SF	27	6	8.4	17.5	8.5	0	2	0	5	0.2	4	0.5	0.405	1.3	1.2	7.7	0	0	0.17	0	0
114	Kyrie Irving	Cle	PG	23	21	36.8	76.8	30.5	0.094	88	0.875	307	0.489	116	0.44	0.574	25.2	3	4.7	4.7	23.5	1.71	0.62	7.7
115	LaMarcus Aldridge	San	PF	30	10	33.7	70.3	27.6	0.055	46	0.891	167	0.515	2	1	0.579	21.9	8.3	14.2	1	5.4	0.4	1.4	6.7
116	Lance Stephenson	Mem	SF	25	4	23.7	49.5	23.8	0.061	5	0.8	39	0.538	5	0.4	0.563	13	1.5	3.7	1.8	17.4	0.25	0	5.5
117	Lavoy Allen	Ind	PF	26	6	8.5	17.7	10.4	0.091	0	0	10	0.3	0	0	0.3	1	2.3	15.8	0.3	6.3	0.17	0.17	4.2
118	Leandro Barbosa	Gol	SG	33	23	11.1	23	18.7	0.102	21	0.762	60	0.667	28	0.393	0.663	5.6	1.2	5.7	0.7	9.7	0.48	0.04	6
119	LeBron James	Cle	SF	31	21	39.1	81.5	30.8	0.137	124	0.661	323	0.579	94	0.34	0.585	26.3	9.5	14.4	7.6	36.6	2.33	1.29	12.7
120	Luc Mbah a Moute	Lac	PF	29	5	15.7	32.7	4.8	0.237	1	1	6	0.667	0	0	0.699	1.8	2	6.3	0.2	1.8	0.6	0	2.3
121	Lucas Nogueira	Tor	C	23	5	5.8	12.1	6.4	0	0	0	4	0.75	0	0	0.75	1.2	1.6	16.5	0	0	0	0	0
122	Luis Scola	Tor	PF	35	11	12.8	26.6	13.5	0.122	11	0.727	10	0.4	21	0.19	0.391	2.5	1.6	7.7	0.6	7.7	0.27	0	4.2
123	Luol Deng	Mia	PF	30	14	35.3	73.6	17.1	0.129	38	0.842	81	0.506	57	0.421	0.601	13.3	5.9	9.9	1.6	7.2	0.93	0.64	5.7
124	Manu Ginobili	San	SG	38	10	19.2	40.1	15.5	0.109	23	0.783	25	0.44	22	0.409	0.586	6.7	2.7	8.1	2.5	18.5	0.8	0.3	7.4
125	Marcus Morris	Det	SF	26	4	36	75	21.7	0.08	23	0.87	29	0.517	18	0.389	0.621	17.8	3.3	5.5	2.5	11.6	0.5	0	5.9
126	Marcus Smart	Bos	PG	21	6	32.1	66.8	18.8	0.178	21	0.81	28	0.393	32	0.344	0.52	12	4.5	7.3	3	15.9	1.67	0.83	6.8
127	Marreese Speights	Gol	C	28	24	8.4	17.5	33.1	0.132	31	0.774	75	0.373	43	0.419	0.509	5.6	2	12.7	0.5	9.5	0.13	0.33	8.5
128	Marvin Williams	Cha	PF	29	7	32.5	67.7	11.5	0.037	4	0.5	34	0.235	17	0.353	0.341	5.1	6.7	11.8	0.9	4.4	0.86	0.43	3.9
129	Mason Plumlee	Por	C	25	11	27.8	58	15.3	0.228	33	0.636	70	0.4	0	0	0.456	7	11.8	21.8	4.8	25.7	0.64	1	10.6
130	Matt Barnes	Mem	SF	35	4	34.8	72.5	20.9	0.205	10	0.8	28	0.464	18	0.167	0.427	10.8	7	11.7	2.8	14.3	1.25	0.25	6.9
131	Matthew Dellavedova	Cle	PG	25	20	12.1	25.1	18.9	0.142	24	0.75	43	0.419	31	0.258	0.461	3.9	0.8	3.7	2.8	33.6	0.05	0.05	6.8
132	Maurice Harkless	Por	SF	22	11	24.7	51.5	20.8	0.083	25	0.48	66	0.485	44	0.341	0.5	11	5.1	10.6	0.6	4.3	0.91	0.27	5.2
133	Michael Beasley	Hou	SF	27	5	16.1	33.4	28.8	0.125	7	0.857	40	0.5	6	0.333	0.53	10.4	4.2	13.8	0.6	9	0.2	0	7.4
134	Mike Muscala	Atl	C	24	9	7.4	15.5	16	0.126	2	1	14	0.571	6	0.333	0.575	2.7	1.9	13.7	0.3	7.4	0	0.11	6.2
135	Mike Scott	Atl	PF	27	10	16.1	33.5	14.3	0.155	8	0.875	24	0.708	16	0.5	0.747	6.5	3.2	10.7	0.5	5.2	0.3	0.3	5.4
136	Mo Williams	Cle	PG	33	13	5.2	10.9	26.4	0.257	2	0.5	15	0.333	13	0.231	0.346	1.5	0.5	5.2	0.2	6.5	0.31	0	4.1
137	Monta Ellis	Ind	SG	30	7	32.2	67.1	20.8	0.175	10	0.8	55	0.473	21	0.333	0.504	11.6	3.9	6.9	4.3	24.6	2.14	0	7.2
138	Montrezl Harrell	Hou	PF	22	2	5.8	12.1	17.3	0.205	2	0.5	2	0.5	1	0	0.387	1.5	1	9.1	0	0	0	0	0
139	Myles Turner	Ind	C	19	7	28.2	58.7	21.2	0.138	9	0.667	69	0.478	2	0	0.48	10.3	6.4	13.1	0.4	2.9	0.29	3.29	4.2
140	Nick Collison	Okc	PF	35	9	8.7	18.2	4.4	0.127	2	0.5	6	0.667	0	0	0.654	1	1.2	7.8	0.6	8.5	0.89	0	4.1
141	Nicolas Batum	Cha	SF	27	5	28.8	59.9	20.5	0.129	20	0.85	23	0.478	22	0.273	0.53	11.4	3.6	7.2	2	12.7	0.4	0	6
142	Norman Powell	Tor	SG	22	18	11.4	23.8	17.7	0.064	8	0.875	44	0.455	26	0.269	0.462	3.8	1.5	7.9	0.3	5.1	0.72	0.11	4.2
143	Pablo Prigioni	Lac	PG	38	5	5.2	10.8	13.8	0.375	0	0	3	0	2	0	0	0	0.6	5.7	1.4	35	0	0	0
144	Patrick Beverley	Hou	PG	27	5	25.7	53.6	14	0.092	6	1	23	0.304	14	0.214	0.366	5.8	4.4	9	2.2	14	0.4	0.4	6
145	Patrick Patterson	Tor	PF	26	20	29.1	60.7	13.2	0.109	26	0.846	66	0.515	70	0.3	0.519	7.7	3.9	7.9	1.2	6.8	0.35	0.45	4.5
146	Patty Mills	San	PG	27	10	16.7	34.8	18.4	0.122	11	0.636	17	0.588	36	0.361	0.571	6.6	1.4	4.8	2	17.9	0.7	0	6.3
147	Paul George	Ind	SF	25	7	39.3	82	30.4	0.132	64	0.953	80	0.475	43	0.419	0.632	27.3	7.6	11	4.3	22.5	2	0.71	9.8
148	Paul Millsap	Atl	PF	30	10	36.5	76.1	23	0.139	55	0.745	104	0.49	33	0.242	0.518	16.7	9.4	13.8	2.7	12.5	1.3	2.3	8.2
149	Paul Pierce	Lac	SF	38	5	10.7	22.4	13.1	0.127	4	0.25	7	0.143	5	0.2	0.218	1.2	1.2	5.5	0.2	2.5	0.4	0	2.5
150	PJ Hairston	Mem	SF	23	2	11.1	23.1	16.3	0.127	2	0	3	0.333	3	0.333	0.363	2.5	0	0	0	0	0.5	0	0
151	Randy Foye	Okc	SG	32	16	11.9	24.7	12.3	0.205	4	1	15	0.4	26	0.308	0.468	2.5	1.3	5.9	0.8	9.5	0.13	0.19	4.6
152	Raymond Felton	Dal	PG	31	5	34.5	71.8	23.1	0.14	11	0.636	55	0.509	14	0.286	0.508	15	4.6	7.8	4.6	24.2	1.2	0	7.9
153	Reggie Bullock	Det	SF	24	2	11	22.8	13.8	0	0	0	3	1	3	0.667	1	6	1	5.6	1.5	26.2	0.5	0	7.6
154	Reggie Jackson	Det	PG	25	4	36.8	76.6	22.8	0.15	4	1	37	0.595	18	0.167	0.502	14.3	3.3	5.4	9.3	43.4	1.5	0.5	8.3
155	Richard Jefferson	Cle	SF	35	21	18.2	37.8	12.8	0.123	20	0.75	56	0.589	28	0.393	0.614	5.4	3.5	11.5	0.7	5.4	0.48	0.05	5.2
156	RJ Hunter	Bos	SG	22	5	8.2	17.1	10.5	0.1	0	0	4	0.25	5	0.2	0.278	1	1.2	7.6	0.6	11.2	0	0.2	4.4
157	Rodney Stuckey	Ind	PG	29	7	17.8	37.1	20.4	0.113	9	0.556	33	0.364	10	0.5	0.468	6.3	2.1	6.9	2	20.4	0.57	0.14	6.7
158	Russell Westbrook	Okc	PG	27	18	37.4	78	34.3	0.146	140	0.829	288	0.434	105	0.324	0.515	26	6.9	10.3	11	52.4	2.56	0.11	13.4
159	Salah Mejri	Dal	C	29	4	19	39.6	9.3	0	12	0.417	10	0.7	0	0	0.622	4.8	3.3	10	0.3	2	0.75	1.25	3.5
160	Serge Ibaka	Okc	PF	26	18	33.5	69.7	13	0.05	20	0.75	94	0.574	69	0.449	0.629	12	6.3	10.5	0.6	2.5	0.78	1.33	4.3
161	Shaun Livingston	Gol	PG	30	24	21.4	44.6	18.2	0.136	37	0.865	167	0.491	1	0	0.532	8.2	3.2	8	3.3	24	0.5	0.21	8.3
162	Solomon Hill	Ind	SF	24	7	28.3	59	10	0.073	16	0.938	12	0.25	19	0.579	0.71	7.7	4	8.1	1.1	6.5	0.29	0	4.6
163	Spencer Hawes	Cha	PF	27	5	10.7	22.2	17.6	0.204	6	0.833	9	0.556	4	0.25	0.575	3.6	3	16.1	0.6	10.2	0.2	0.4	7
164	Stanley Johnson	Det	SF	19	4	20.4	42.4	16.6	0.112	2	1	13	0.462	10	0.6	0.67	8	4	12	0	0	0.25	0	0
165	Stephen Curry	Gol	PG	27	18	34.1	71.1	32	0.167	83	0.916	141	0.475	196	0.408	0.602	25	5.5	8.7	5.2	26.7	1.44	0.28	10.5
166	Steve Blake	Det	PG	35	4	10.8	22.5	12.7	0.46	2	0.5	3	0	2	0.5	0.34	1	1	5.6	2.5	31.8	0	0	5
167	Steven Adams	Okc	C	22	18	30.7	64	12.6	0.106	73	0.63	110	0.618	1	0	0.636	10.1	9.5	17.3	0.7	3.5	0.5	0.78	5.3
168	Terrence Ross	Tor	SF	24	20	16.8	35	20	0.11	20	0.65	55	0.455	65	0.323	0.489	6.3	1.6	5.7	0.6	5.8	0.65	0.25	4.3
169	Terry Rozier	Bos	PG	21	5	19.7	41.1	11.3	0.077	2	1	12	0.417	11	0.364	0.503	4.8	3.4	9	1.2	9.9	0.2	0.6	5.5
170	Thabo Sefolosha	Atl	SF	31	10	20.3	42.2	13.8	0.16	15	0.533	27	0.556	19	0.368	0.561	5.9	4.1	10.9	1.7	13	1	0.6	6.8
171	Tim Duncan	San	C	39	10	21.8	45.5	15.2	0.154	21	0.714	51	0.431	0	0	0.49	5.9	4.8	12.7	1.4	9.1	0.2	1.3	6.3
172	Tim Hardaway Jr.	Atl	SG	23	9	9.7	20.2	16.2	0.095	6	0.667	12	0.417	14	0.143	0.349	2.2	1	5.5	0.8	11.9	0	0.11	5
173	Timofey Mozgov	Cle	C	29	13	5.8	12.1	15.1	0.323	4	0.75	15	0.4	0	0	0.447	1.2	1.6	16.4	0.2	3.7	0.23	0.23	5
174	Tobias Harris	Det	PF	23	4	39	81.3	18.6	0.104	13	0.923	34	0.5	12	0.333	0.561	14.5	9.5	14.8	3	12.5	0.75	0.75	7.6
175	Tony Allen	Mem	SG	34	4	23.4	48.7	22	0.134	13	0.692	26	0.346	7	0.143	0.387	7.5	2.8	6.8	0.8	5.7	1.25	0.5	4.4
176	Tony Parker	San	PG	33	10	26.4	55	21.5	0.147	14	0.857	82	0.488	16	0.25	0.499	10.4	2.2	4.8	5.3	31.4	0.6	0.2	7.5
177	Trevor Ariza	Hou	SF	30	5	36.2	75.4	14.7	0.185	4	0.75	23	0.391	28	0.143	0.313	6.6	4.2	6.1	0.8	3.6	2.6	0.2	3.1
178	Tristan Thompson	Cle	PF	24	21	29.6	61.7	10.6	0.12	73	0.575	93	0.527	0	0	0.559	6.7	9	17.8	0.7	3.3	0.38	0.86	4.7
179	Ty Lawson	Ind	PG	28	7	10.5	21.9	17.4	0.225	6	0.667	15	0.4	3	0	0.388	2.3	1	5.5	1.4	22.4	0.43	0	5.6
180	Tyler Johnson	Mia	SG	23	5	12.1	25.3	14	0.112	11	0.727	5	0.4	6	0.5	0.663	4.2	1.4	6.8	1.6	19.7	0.2	0	7
181	Tyler Zeller	Bos	C	26	3	12.7	26.4	22.2	0.102	6	0.667	15	0.467	0	0	0.51	6	5	20.6	0.7	10.1	0	0.67	8.7
182	Udonis Haslem	Mia	PF	35	9	9.4	19.6	14.1	0.279	7	0.714	15	0.533	0	0	0.581	2.3	3.4	21.7	0.4	7.2	0	0.11	6.2
183	Vince Carter	Mem	SG	39	4	22.7	47.3	20	0.076	8	1	23	0.348	10	0.7	0.616	11.3	3.8	9.6	1.3	11	0.5	0.25	6.7
184	Wesley Johnson	Lac	SF	28	6	12.8	26.7	10.1	0.115	3	1	5	0.4	9	0.333	0.522	2.7	3	11.6	0.3	3.7	0.17	0.67	4.2
185	Wesley Matthews	Dal	SG	29	5	34.7	72.2	19.3	0.055	19	0.789	25	0.4	35	0.286	0.475	13	3.6	6	1.2	5.6	1.2	0	4.4
186	Xavier Munford	Mem	SG	23	4	22.3	46.4	17.5	0.148	2	0	21	0.381	7	0.143	0.329	4.8	2.3	5.9	2.5	19.8	1.5	0.75	5.4
187	Zach Randolph	Mem	PF	34	4	29.9	62.3	27.7	0.097	7	0.857	62	0.371	0	0	0.4	13	8.8	17	1.8	12.3	0.25	0	7.9
188	Zaza Pachulia	Dal	C	31	5	22.4	46.6	13.9	0.06	17	0.882	24	0.375	0	0	0.524	6.6	5.4	14.1	3.2	21.8	0.6	0.2	8.7
